{
    "labels": [
        0.0, 0.470379442886748, 1.470379442886749, 2.47037944288675, 3.4703794428867507, 4.470379442886752, 5.4703794428867525, 6.470379442886753, 7.470379442886754, 8.470379442886756,
        9.470379442886756, 10.470379442886756, 11.470379442886758, 12.47037944288676, 13.47037944288676, 14.47037944288676, 15.47037944288676, 16.470379442886763, 17.470379442886763,
        18.470379442886763, 19.470379442886767, 20.470379442886767, 21.470379442886767, 22.470379442886767, 23.470379442886767, 24.47037944288677, 25.47037944288677, 26.47037944288677,
        27.47037944288677, 28.47037944288677, 29.47037944288677, 30.47037944288677, 31.47037944288677, 32.470379442886774, 33.47037944288678, 34.47037944288678, 35.47037944288678, 36.47037944288678,
        37.47037944288678, 38.47037944288678, 39.47037944288678, 40.47037944288678, 41.47037944288678, 42.47037944288679, 43.47037944288679, 44.47037944288679, 45.47037944288679, 46.47037944288679,
        47.47037944288679, 48.47037944288679, 49.4703794428868, 50.4703794428868, 51.4703794428868, 52.4703794428868, 53.4703794428868, 54.4703794428868, 55.4703794428868, 56.4703794428868,
        57.4703794428868, 58.4703794428868, 59.4703794428868, 60.4703794428868, 61.4703794428868, 62.4703794428868, 63.4703794428868, 65.47037944288675, 66.47037944288675, 67.47037944288675,
        68.47037944288675, 69.47037944288675, 70.47037944288675, 71.47037944288675, 72.47037944288675, 73.47037944288675, 74.47037944288675, 75.47037944288675, 76.47037944288677, 77.47037944288677,
        78.47037944288677, 79.47037944288677, 80.47037944288677, 81.47037944288677, 82.47037944288677, 83.47037944288677, 84.47037944288677, 85.47037944288677, 86.47037944288677, 87.47037944288677,
        88.47037944288677, 89.47037944288677, 90.47037944288677, 91.47037944288677, 92.47037944288678, 93.47037944288678, 94.47037944288678, 95.47037944288678, 96.47037944288678, 97.47037944288678,
        98.47037944288678, 99.47037944288678, 100.0
    ],
    "datasets": [
        {
            "label": "Democrat Seat Share",
            "data": [
                0.0, 0.0, 0.0, 0.0, 0.0, 0.0, 0.0, 1.9971153846153848, 4.559615384615385, 7.447115384615384, 9.642307692307693, 11.759615384615383, 13.684615384615384, 15.69326923076923,
                17.682692307692307, 19.95192307692308, 22.03173076923077, 22.204807692307693, 22.39326923076923, 22.545192307692307, 22.724038461538463, 22.8875, 23.035576923076924,
                23.213461538461537, 23.41826923076923, 23.79134615384616, 24.025, 24.320192307692302, 24.578846153846158, 24.974038461538463, 25.244230769230768, 25.499038461538458, 25.7875,
                26.052884615384613, 26.371153846153845, 26.847115384615385, 26.811538461538458, 27.096153846153847, 27.347115384615385, 27.630769230769232, 28.039423076923075, 28.241346153846152,
                28.557692307692307, 28.77980769230769, 29.0375, 29.360576923076927, 29.69038461538461, 30.077884615384612, 30.515384615384612, 30.915384615384617, 31.41730769230769,
                31.818269230769232, 32.10865384615384, 32.43557692307692, 32.95, 33.4375, 34.03076923076923, 39.5625, 44.62211538461538, 50.21923076923077, 55.64134615384615, 61.03942307692307,
                66.66634615384616, 72.43557692307692, 77.78653846153846, 83.15961538461538, 88.71153846153847, 94.20384615384614, 94.70673076923076, 95.36057692307692, 95.86634615384617,
                96.3798076923077, 96.99230769230768, 97.45480769230768, 97.94903846153846, 98.4096153846154, 98.82692307692308, 99.30961538461538, 99.57884615384616, 99.74134615384617,
                99.9153846153846, 100.0, 100.0, 100.0, 100.0, 100.0, 100.0, 100.0, 100.0, 100.0, 100.0, 100.0, 100.0, 100.0, 100.0, 100.0, 100.0, 100.0, 100.0, 100.0, 100.0
            ]
        },
        {
            "label": "Republican Seat Share",
            "data": [
                0.0, 0.0, 0.0, 0.0, 0.0, 0.0, 0.0, 0.0, 0.0, 0.0, 0.0, 0.0, 0.0, 0.0, 0.0, 0.0, 0.0, 0.0, 0.0, 0.0, 0.0846153846153846, 0.2586538461538462, 0.4211538461538462, 0.6903846153846154,
                1.1730769230769231, 1.5903846153846153, 2.0509615384615385, 2.545192307692308, 3.007692307692308, 3.620192307692308, 4.133653846153846, 4.639423076923077, 5.293269230769231,
                5.796153846153846, 6.351923076923077, 11.733653846153846, 17.04423076923077, 22.458653846153844, 28.265384615384612, 33.877884615384616, 39.3125, 44.70961538461539, 50.31923076923077,
                55.4451923076923, 60.99134615384615, 66.48365384615384, 67.05, 67.56442307692308, 67.89134615384616, 68.18173076923077, 68.58269230769231, 68.99615384615385, 69.40192307692308,
                69.8125, 70.23461538461538, 70.54038461538461, 70.87307692307692, 71.15192307692307, 71.34903846153846, 71.675, 71.87596153846154, 72.29326923076923, 72.65288461538462,
                72.90384615384615, 73.18846153846154, 73.15288461538462, 73.62884615384615, 73.94711538461539, 74.2125, 74.50096153846154, 74.75576923076923, 75.02596153846154, 75.42115384615384,
                75.67980769230769, 75.97500000000001, 76.20865384615385, 76.58173076923077, 76.78653846153846, 76.96442307692307, 77.1125, 77.27596153846153, 77.4548076923077, 77.60673076923077,
                77.7951923076923, 77.96826923076922, 80.04326923076923, 82.25961538461539, 84.23942307692307, 86.3, 88.23942307692307, 90.3375, 92.3576923076923, 94.2846153846154, 97.04326923076924,
                99.90865384615384, 100.0, 100.0, 100.0, 100.0, 100.0, 100.0
            ]
        }
    ]
}
